FF_ref,stat_ref,n_ref,mle_ref,stderr_ref,mean_ref,low_ref,high_ref,group,FF_tgt,stat_tgt,n_tgt,mle_tgt,stderr_tgt,mean_tgt,low_tgt,high_tgt,mle_diff,Change
Sage 2.2.1,RMSE,12,0.21088308369932,0.0316156080439568,0.2190739494103391,0.1561350443653534,0.2818760073998762,a41,v3-k100,RMSE,12,0.0622755153779962,0.0227302949766121,0.1016357047752664,0.0591402787136073,0.1553594970868391,-0.1486075683213238,Improved
Sage 2.2.1,RMSE,120,0.2840652395569096,0.0192440714141782,0.2869001235300922,0.2493420896804621,0.3278199947100135,t18,v3-k100,RMSE,120,0.1948123963366106,0.0126871139988341,0.202438058355461,0.1774249381782038,0.2269229098317223,-0.089252843220299,Improved
Sage 2.2.1,RMSE,189,0.248788890983451,0.0148872441313308,0.2527662432487096,0.2224462163663652,0.283196849004205,t17,v3-k100,RMSE,189,0.1866882530492452,0.0094894325413838,0.1944798958229359,0.1765380802393669,0.2138962421927366,-0.06210063793420581,Improved
Sage 2.2.1,RMSE,189,0.248788890983451,0.0144971019121987,0.252769127711745,0.2242262142334276,0.2819877263638466,t19,v3-k100,RMSE,189,0.1866882530492452,0.0096983971400437,0.1936933224647174,0.1746430287211394,0.2122772931885564,-0.06210063793420581,Improved
Sage 2.2.1,RMSE,189,0.248788890983451,0.0146557657383376,0.2535432163162649,0.22540520623543,0.2829991898095597,b3,v3-k100,RMSE,189,0.1866882530492452,0.0093584463351425,0.1938289647732972,0.1757967759146597,0.2118142283494875,-0.06210063793420581,Improved
Sage 2.2.1,RMSE,186,0.237441841618134,0.0136428852198065,0.2420067130376837,0.2164312275188679,0.2691027553148218,a10a,v3-k100,RMSE,186,0.1865748437983533,0.0097241337665272,0.1942125624554262,0.1755967109844906,0.2134544100637994,-0.05086699781978071,Improved
